scenario,violation_prevalence,event_probability,event_detection_sensitivity,opportunities,complete_window_fraction,missingness,failure_rate,specificity,key_sensitivity,valid_key_fraction,calibration_pass,naive_false_violation_rate,gated_false_violation_rate,naive_true_violation_sensitivity,gated_true_violation_sensitivity,gated_unresolved_fraction,naive_false_discovery_fraction,gated_false_discovery_fraction
high_quality_dense,0.1,0.5,0.95,20,1.0,0.0,0.0,0.99,0.9999984232909376,1.0,True,1.5767090624230207e-06,1.5767090624230207e-06,0.99,0.99,0.0,1.4333513296751904e-05,1.4333513296751904e-05
threshold_sensitivity,0.1,0.2,0.8,1,1.0,0.0,0.0,0.99,0.8000000000000004,1.0,True,0.19999999999999962,0.19999999999999962,0.99,0.99,0.0,0.6451612903225802,0.6451612903225802
subthreshold_sensitivity,0.1,0.2,0.5,1,1.0,0.0,0.0,0.99,0.5,1.0,False,0.5,0.0,0.99,0.0,0.549,0.8196721311475409,
sparse_event,0.1,0.05,0.8,5,1.0,0.0,0.0,0.99,0.8161438755851972,1.0,True,0.1838561244148028,0.1838561244148028,0.99,0.99,0.0,0.6256671518449427,0.6256671518449427
high_missingness,0.1,0.5,0.95,20,1.0,0.3,0.0,0.99,0.9999984232909376,0.7,True,0.3000011036963437,1.1036963436961144e-06,0.993,0.693,0.3000000000000001,0.7311136395667577,1.4333513296751901e-05
device_failure,0.1,0.5,0.95,20,1.0,0.0,0.2,0.99,0.9999984232909376,0.8,True,0.20000126136724994,1.2613672499384166e-06,0.992,0.792,0.19999999999999996,0.6447005850527986,1.4333513296751901e-05
incomplete_window,0.1,0.5,0.95,20,0.5,0.0,0.0,0.99,0.9999984232909376,0.5,True,0.5000007883545312,7.883545312115103e-07,0.995,0.495,0.5,0.8189265304369084,1.4333513296751904e-05
mixed_qualified,0.1,0.2,0.8,5,0.8,0.1,0.05,0.95,0.8653439695383153,0.684,True,0.4081047248357923,0.09210472483579236,0.9658,0.6498,0.316,0.791797023632456,0.5605725880849907
subthreshold_specificity,0.1,0.5,0.95,20,1.0,0.0,0.0,0.8,0.9999984232909376,1.0,False,1.5767090624230207e-06,0.0,0.8,0.0,0.08000141903815619,1.7737662322013528e-05,
